{"cameraMode":{"drawMode":0,"name":"Shaded","section":"Shading Mode"},"sceneLighting":true,"audioPlay":false,"sceneViewState":{"m_AlwaysRefresh":false,"showFog":true,"showSkybox":true,"showFlares":true,"showImageEffects":true,"showParticleSystems":true,"showVisualEffectGraphs":true,"m_FxEnabled":true},"in2DMode":false,"pivot":{"x":-48.99195098876953,"y":129.98486328125,"z":4.0827178955078129},"rotation":{"x":0.46933919191360476,"y":0.09109561145305634,"z":-0.048742059618234637,"w":0.8769661784172058},"size":13.095407485961914,"orthographic":false}