{"cameraMode":{"drawMode":0,"name":"Shaded","section":"Shading Mode"},"sceneLighting":true,"audioPlay":false,"sceneViewState":{"m_AlwaysRefresh":false,"showFog":true,"showSkybox":true,"showFlares":true,"showImageEffects":true,"showParticleSystems":true,"showVisualEffectGraphs":true,"m_FxEnabled":true},"in2DMode":false,"pivot":{"x":15.995441436767579,"y":17.168373107910158,"z":26.91704559326172},"rotation":{"x":0.021394014358520509,"y":0.7658292055130005,"z":-0.64218670129776,"w":0.02551199495792389},"size":1.0917396545410157,"orthographic":false}