{"cameraMode":{"drawMode":0,"name":"Shaded","section":"Shading Mode"},"sceneLighting":true,"audioPlay":false,"sceneViewState":{"m_AlwaysRefresh":false,"showFog":true,"showSkybox":true,"showFlares":true,"showImageEffects":true,"showParticleSystems":true,"showVisualEffectGraphs":true,"m_FxEnabled":true},"in2DMode":false,"pivot":{"x":13.151083946228028,"y":24.403995513916017,"z":19.674148559570314},"rotation":{"x":0.014460351318120957,"y":-0.9812222123146057,"z":0.17430853843688966,"w":0.08142411708831787},"size":2.033080577850342,"orthographic":false}