{"cameraMode":{"drawMode":0,"name":"Shaded","section":"Shading Mode"},"sceneLighting":false,"audioPlay":false,"sceneViewState":{"m_AlwaysRefresh":false,"showFog":true,"showSkybox":false,"showFlares":true,"showImageEffects":true,"showParticleSystems":true,"showVisualEffectGraphs":true,"m_FxEnabled":true},"in2DMode":false,"pivot":{"x":0.12797117233276368,"y":-0.030522584915161134,"z":0.11248552799224854},"rotation":{"x":-0.45804187655448916,"y":0.1550586074590683,"z":-0.08153462409973145,"w":-0.8715218901634216},"size":0.9782829284667969,"orthographic":false}